交易日期,契約,到期月份(週別),開盤價,最高價,最低價,收盤價,漲跌價,漲跌%,成交量,結算價,未沖銷契約數,最後最佳買價,最後最佳賣價,歷史最高價,歷史最低價,是否因訊息面暫停交易,交易時段,價差對單式委託成交量
2026/08/03,TX,202608  ,43186,43836,42989,43230,-497,-1.14%,69550,43219,109589,43231,43247,49470,39442,,一般,,
2026/08/03,TX,202608  ,43519,43873,42086,42650,-1077,-2.46%,69668,-,-,42650,42666,49470,39442,,盤後,,
2026/08/03,TX,202609  ,43368,43966,43260,43388,-500,-1.14%,485,43363,6108,43373,43391,49651,24962,,一般,,
2026/08/03,TX,202609  ,43677,44001,42317,42850,-1038,-2.37%,376,-,-,42832,42853,49651,24962,,盤後,,
2026/08/03,TX,202610  ,43394,43810,43394,43580,-430,-0.98%,44,43580,192,43564,43585,46770,39852,,一般,,
2026/08/03,TX,202610  ,43865,43981,42589,42950,-1060,-2.41%,46,-,-,43008,43039,46770,39852,,盤後,,
2026/08/03,TX,202612  ,44218,44218,43985,44014,-292,-0.66%,10,43871,376,43860,43883,50228,27382,,一般,,
2026/08/03,TX,202612  ,44169,44438,43010,43099,-1207,-2.72%,18,-,-,43302,43343,50228,27382,,盤後,,
2026/08/03,TX,202703  ,-,-,-,-,-,-,0,44470,115,44456,44484,50802,32400,,一般,,
2026/08/03,TX,202703  ,44772,44772,44000,44000,-906,-2.02%,7,-,-,43890,43946,50802,32400,,盤後,,
2026/08/03,TX,202706  ,-,-,-,-,-,-,0,45093,62,45073,45113,51411,41461,,一般,,
2026/08/03,TX,202706  ,-,-,-,-,-,-,0,-,-,44490,44586,51411,41461,,盤後,,
2026/08/04,TX,202608  ,42750,43790,42553,43357,138,0.32%,73478,43344,106602,43355,43359,49470,39442,,一般,,
2026/08/04,TX,202608  ,43003,43165,42104,43152,-67,-0.16%,51504,-,-,43138,43152,49470,39442,,盤後,,
2026/08/04,TX,202609  ,43204,43903,42724,43474,111,0.26%,713,43474,6583,43477,43484,49651,24962,,一般,,
2026/08/04,TX,202609  ,43175,43295,42258,43280,-83,-0.19%,311,-,-,43288,43308,49651,24962,,盤後,,
2026/08/04,TX,202610  ,42998,44000,42948,43783,203,0.47%,41,43673,210,43668,43678,46770,39852,,一般,,
2026/08/04,TX,202610  ,43356,43470,42500,43467,-113,-0.26%,54,-,-,43461,43486,46770,39852,,盤後,,
2026/08/04,TX,202612  ,43222,44188,43222,44053,182,0.41%,38,43934,379,43926,43943,50228,27382,,一般,,
2026/08/04,TX,202612  ,43367,43648,42888,43648,-223,-0.51%,4,-,-,43748,43792,50228,27382,,盤後,,
2026/08/04,TX,202703  ,44290,44350,44290,44350,-120,-0.27%,9,44487,119,44476,44498,50802,32400,,一般,,
2026/08/04,TX,202703  ,43926,43926,43926,43926,-544,-1.22%,7,-,-,44338,44387,50802,32400,,盤後,,
2026/08/04,TX,202706  ,44912,45400,44912,45400,307,0.68%,12,45098,67,45082,45114,51411,41461,,一般,,
2026/08/04,TX,202706  ,44690,44690,44379,44379,-714,-1.58%,12,-,-,44948,45019,51411,41461,,盤後,,
2026/08/05,TX,202608  ,44653,44923,44219,44514,1170,2.70%,67212,44537,106247,44514,44530,49470,39442,,一般,,
2026/08/05,TX,202608  ,43453,44726,43233,44539,1195,2.76%,46662,-,-,44516,44539,49470,39442,,盤後,,
2026/08/05,TX,202609  ,44800,45011,44400,44624,1150,2.65%,1036,44626,7259,44603,44626,49651,24962,,一般,,
2026/08/05,TX,202609  ,43577,44840,43402,44617,1143,2.63%,355,-,-,44630,44658,49651,24962,,盤後,,
2026/08/05,TX,202610  ,44880,45190,44626,44675,1002,2.29%,50,44783,221,44771,44796,46770,39852,,一般,,
2026/08/05,TX,202610  ,43752,44800,43620,44800,1127,2.58%,36,-,-,44757,44836,46770,39852,,盤後,,
2026/08/05,TX,202612  ,45126,45458,44940,44950,1016,2.31%,20,45049,386,45036,45062,50228,27382,,一般,,
2026/08/05,TX,202612  ,44000,45151,44000,45151,1217,2.77%,22,-,-,45051,45124,50228,27382,,盤後,,
2026/08/05,TX,202703  ,45800,45860,45766,45777,1290,2.90%,9,45587,122,45573,45601,50802,32400,,一般,,
2026/08/05,TX,202703  ,-,-,-,-,-,-,0,-,-,45596,45694,50802,32400,,盤後,,
2026/08/05,TX,202706  ,46479,46612,46479,46612,1514,3.36%,7,46220,61,46180,46261,51411,41461,,一般,,
2026/08/05,TX,202706  ,46230,46230,46230,46230,1132,2.51%,1,-,-,46166,46309,51411,41461,,盤後,,
2026/08/06,TX,202608  ,44177,44494,43843,44280,-257,-0.58%,55986,44258,106827,44272,44284,49470,39442,,一般,,
2026/08/06,TX,202608  ,44580,44644,44098,44278,-259,-0.58%,44860,-,-,44278,44288,49470,39442,,盤後,,
2026/08/06,TX,202609  ,44427,44538,43950,44300,-326,-0.73%,908,44324,7988,44316,44333,49651,24962,,一般,,
2026/08/06,TX,202609  ,44665,44728,44250,44374,-252,-0.56%,528,-,-,44381,44396,49651,24962,,盤後,,
2026/08/06,TX,202610  ,44502,44538,44176,44382,-401,-0.90%,44,44440,261,44425,44455,46770,39852,,一般,,
2026/08/06,TX,202610  ,44601,44749,44370,44612,-171,-0.38%,22,-,-,44529,44552,46770,39852,,盤後,,
2026/08/06,TX,202612  ,44700,44778,44620,44688,-361,-0.80%,18,44688,387,44682,44702,50228,27382,,一般,,
2026/08/06,TX,202612  ,44845,45000,44809,44900,-149,-0.33%,4,-,-,44798,44826,50228,27382,,盤後,,
2026/08/06,TX,202703  ,45200,45200,45172,45180,-407,-0.89%,3,45194,121,45125,45264,50802,32400,,一般,,
2026/08/06,TX,202703  ,45454,45570,45354,45441,-146,-0.32%,6,-,-,45328,45359,50802,32400,,盤後,,
2026/08/06,TX,202706  ,46220,-,-,46220,0,0.00%,1,45832,63,45788,45877,51411,41461,,一般,,
2026/08/06,TX,202706  ,46217,46217,46099,46199,-21,-0.05%,3,-,-,45968,46018,51411,41461,,盤後,,
2026/08/07,TX,202608  ,44588,44744,43923,44349,91,0.21%,56058,44297,102679,44347,44353,49470,39442,,一般,,
2026/08/07,TX,202608  ,44129,44873,43800,44543,285,0.64%,48375,-,-,44529,44543,49470,39442,,盤後,,
2026/08/07,TX,202609  ,44597,44731,44036,44438,114,0.26%,2392,44419,9822,44447,44457,49651,24962,,一般,,
2026/08/07,TX,202609  ,44175,44888,43863,44515,191,0.43%,393,-,-,44567,44590,49651,24962,,盤後,,
2026/08/07,TX,202610  ,44592,44817,44133,44448,8,0.02%,71,44525,294,44517,44534,46770,39852,,一般,,
2026/08/07,TX,202610  ,44523,44960,43987,44822,382,0.86%,51,-,-,44652,44685,46770,39852,,盤後,,
2026/08/07,TX,202612  ,44900,44900,44574,44574,-114,-0.26%,12,44734,391,44697,44771,50228,27382,,一般,,
2026/08/07,TX,202612  ,44650,44800,44650,44800,112,0.25%,5,-,-,44750,44929,50228,27382,,盤後,,
2026/08/07,TX,202703  ,-,-,-,-,-,-,0,45233,121,44848,45296,50802,32400,,一般,,
2026/08/07,TX,202703  ,45194,-,-,45194,0,0.00%,2,-,-,45030,45493,50802,32400,,盤後,,
2026/08/07,TX,202706  ,45602,45602,45602,45602,-230,-0.50%,2,45666,66,45440,45893,51411,41461,,一般,,
2026/08/07,TX,202706  ,45832,-,-,45832,0,0.00%,2,-,-,45631,46086,51411,41461,,盤後,,
2026/08/10,TX,202608  ,44985,45219,44668,44987,690,1.56%,49606,44990,101913,44987,44998,49470,39442,,一般,,
2026/08/10,TX,202608  ,44362,45246,44362,45033,736,1.66%,41042,-,-,45031,45039,49470,39442,,盤後,,
2026/08/10,TX,202609  ,45048,45320,44790,45113,694,1.56%,3078,45113,12158,45103,45118,49651,24962,,一般,,
2026/08/10,TX,202609  ,44487,45309,44487,45128,709,1.60%,428,-,-,45120,45129,49651,24962,,盤後,,
2026/08/10,TX,202610  ,45138,45313,44906,45210,685,1.54%,27,45210,304,45205,45222,46770,39852,,一般,,
2026/08/10,TX,202610  ,45340,45340,44688,45068,543,1.22%,10,-,-,45191,45210,46770,39852,,盤後,,
2026/08/10,TX,202612  ,45300,45555,45100,45410,676,1.51%,31,45410,388,45397,45415,50228,27382,,一般,,
2026/08/10,TX,202612  ,45100,45290,45100,45170,436,0.97%,4,-,-,45376,45449,50228,27382,,盤後,,
2026/08/10,TX,202703  ,46014,46014,45854,45854,621,1.37%,4,45888,124,45877,45899,50802,32400,,一般,,
2026/08/10,TX,202703  ,46000,46100,45841,45841,608,1.34%,3,-,-,45633,45949,50802,32400,,盤後,,
2026/08/10,TX,202706  ,46672,46672,46470,46470,804,1.76%,3,46517,68,46501,46534,51411,41461,,一般,,
2026/08/10,TX,202706  ,46412,46499,46402,46402,736,1.61%,4,-,-,46411,46589,51411,41461,,盤後,,
2026/08/11,TX,202608  ,44761,45200,44570,45090,100,0.22%,50327,45085,99034,45078,45089,49470,39442,,一般,,
2026/08/11,TX,202608  ,45000,45179,44642,44719,-271,-0.60%,28989,-,-,44708,44737,49470,39442,,盤後,,
2026/08/11,TX,202609  ,44918,45320,44725,45215,102,0.23%,3285,45215,14886,45206,45222,49651,24962,,一般,,
2026/08/11,TX,202609  ,45128,45275,44800,44879,-234,-0.52%,401,-,-,44846,44880,49651,24962,,盤後,,
2026/08/11,TX,202610  ,45103,45348,44901,45309,99,0.22%,44,45324,314,45316,45333,46770,39852,,一般,,
2026/08/11,TX,202610  ,45319,45319,44951,45051,-159,-0.35%,21,-,-,44945,44984,46770,39852,,盤後,,
2026/08/11,TX,202612  ,45313,45610,45087,45518,108,0.24%,29,45518,385,45521,45539,50228,27382,,一般,,
2026/08/11,TX,202612  ,45271,45287,45099,45184,-226,-0.50%,11,-,-,45142,45187,50228,27382,,盤後,,
2026/08/11,TX,202703  ,45798,46055,45798,46024,136,0.30%,6,46024,124,46013,46034,50802,32400,,一般,,
2026/08/11,TX,202703  ,46005,46005,45600,45600,-288,-0.63%,4,-,-,45619,45693,50802,32400,,盤後,,
2026/08/11,TX,202706  ,-,-,-,-,-,-,0,46627,68,46611,46644,51411,41461,,一般,,
2026/08/11,TX,202706  ,-,-,-,-,-,-,0,-,-,46238,46314,51411,41461,,盤後,,
2026/08/12,TX,202608  ,45350,45561,45156,45528,443,0.98%,48409,45516,95311,45519,45527,49470,39442,,一般,,
2026/08/12,TX,202608  ,44937,45520,44830,45279,194,0.43%,36518,-,-,45266,45285,49470,39442,,盤後,,
2026/08/12,TX,202609  ,45460,45702,45300,45673,458,1.01%,4721,45673,18300,45668,45678,49651,24962,,一般,,
2026/08/12,TX,202609  ,45075,45640,45000,45425,210,0.46%,800,-,-,45398,45422,49651,24962,,盤後,,
2026/08/12,TX,202610  ,45583,45802,45467,45669,345,0.76%,31,45786,325,45780,45792,46770,39852,,一般,,
2026/08/12,TX,202610  ,45212,45750,45201,45526,202,0.45%,33,-,-,45505,45541,46770,39852,,盤後,,
2026/08/12,TX,202612  ,45800,45948,45650,45888,370,0.81%,14,45985,387,45975,45996,50228,27382,,一般,,
2026/08/12,TX,202612  ,45400,45883,45400,45660,142,0.31%,8,-,-,45696,45732,50228,27382,,盤後,,
2026/08/12,TX,202703  ,46287,46485,46240,46348,324,0.70%,6,46480,125,46468,46493,50802,32400,,一般,,
2026/08/12,TX,202703  ,45800,46390,45800,46238,214,0.46%,10,-,-,46196,46255,50802,32400,,盤後,,
2026/08/12,TX,202706  ,-,-,-,-,-,-,0,47070,67,47049,47091,51411,41461,,一般,,
2026/08/12,TX,202706  ,46627,-,-,46627,0,0.00%,3,-,-,46797,46855,51411,41461,,盤後,,
2026/08/13,TX,202608  ,46120,46250,45840,46005,489,1.07%,43260,46025,92571,46005,46009,49470,39442,,一般,,
2026/08/13,TX,202608  ,45600,46312,45590,46117,601,1.32%,35208,-,-,46108,46124,49470,39442,,盤後,,
2026/08/13,TX,202609  ,46293,46388,46000,46174,501,1.10%,5360,46191,21837,46165,46171,49651,24962,,一般,,
2026/08/13,TX,202609  ,45748,46450,45748,46243,570,1.25%,1191,-,-,46248,46265,49651,24962,,盤後,,
2026/08/13,TX,202610  ,46481,46481,46290,46290,504,1.10%,30,46290,329,46279,46292,46770,39852,,一般,,
2026/08/13,TX,202610  ,45904,46570,45904,46550,764,1.67%,15,-,-,46365,46392,46770,39852,,盤後,,
2026/08/13,TX,202612  ,46580,46635,46390,46531,546,1.19%,29,46531,386,46481,46498,50228,27382,,一般,,
2026/08/13,TX,202612  ,46500,46660,46500,46638,653,1.42%,9,-,-,46568,46599,50228,27382,,盤後,,
2026/08/13,TX,202703  ,-,-,-,-,-,-,0,46997,128,46990,47004,50802,32400,,一般,,
2026/08/13,TX,202703  ,46800,47226,46800,47226,746,1.60%,9,-,-,47058,47107,50802,32400,,盤後,,
2026/08/13,TX,202706  ,47736,47736,47683,47683,613,1.30%,2,47587,66,47576,47599,51411,41461,,一般,,
2026/08/13,TX,202706  ,47288,47500,47288,47500,430,0.91%,3,-,-,47648,47699,51411,41461,,盤後,,
2026/08/14,TX,202608  ,46466,46470,45676,45841,-184,-0.40%,57509,45812,84339,45839,45846,49470,39442,,一般,,
2026/08/14,TX,202608  ,45950,46574,45878,46389,364,0.79%,27782,-,-,46378,46390,49470,39442,,盤後,,
2026/08/14,TX,202609  ,46641,46641,45827,45972,-219,-0.47%,11386,45949,29534,45977,45990,49651,24962,,一般,,
2026/08/14,TX,202609  ,46149,46718,46042,46559,368,0.80%,1360,-,-,46534,46552,49651,24962,,盤後,,
2026/08/14,TX,202610  ,46645,46645,46106,46115,-175,-0.38%,24,46115,327,46103,46127,46789,39852,,一般,,
2026/08/14,TX,202610  ,46281,46789,46280,46789,499,1.08%,18,-,-,46652,46668,46789,39852,,盤後,,
2026/08/14,TX,202612  ,46870,46870,46400,46408,-123,-0.26%,16,46323,380,46305,46342,50228,27382,,一般,,
2026/08/14,TX,202612  ,46880,47020,46880,46920,389,0.84%,11,-,-,46848,46905,50228,27382,,盤後,,
2026/08/14,TX,202703  ,47010,47010,47010,47010,13,0.03%,1,46844,128,46820,46869,50802,32400,,一般,,
2026/08/14,TX,202703  ,47247,47507,47247,47497,500,1.06%,5,-,-,47353,47396,50802,32400,,盤後,,
2026/08/14,TX,202706  ,47927,47927,47927,47927,340,0.71%,1,47445,67,47410,47480,51411,41461,,一般,,
2026/08/14,TX,202706  ,-,-,-,-,-,-,0,-,-,47948,48000,51411,41461,,盤後,,
2026/08/17,TX,202608  ,45850,46140,45738,45888,76,0.17%,79450,45867,51167,45886,45894,49470,39442,,一般,,
2026/08/17,TX,202608  ,45852,45968,45551,45727,-85,-0.19%,24791,-,-,45720,45735,49470,39442,,盤後,,
2026/08/17,TX,202609  ,46000,46318,45870,46033,84,0.18%,46829,46009,62249,46018,46032,49651,24962,,一般,,
2026/08/17,TX,202609  ,45997,46085,45704,45865,-84,-0.18%,1102,-,-,45857,45878,49651,24962,,盤後,,
2026/08/17,TX,202610  ,46328,46420,45987,46201,86,0.19%,93,46162,359,46150,46174,46789,39852,,一般,,
2026/08/17,TX,202610  ,46145,46145,46018,46018,-97,-0.21%,3,-,-,45965,46006,46789,39852,,盤後,,
2026/08/17,TX,202612  ,46507,46507,46454,46454,131,0.28%,2,46381,382,46341,46422,50228,27382,,一般,,
2026/08/17,TX,202612  ,46329,46329,46329,46329,6,0.01%,2,-,-,46165,46230,50228,27382,,盤後,,
2026/08/17,TX,202703  ,47053,47053,46941,46941,97,0.21%,2,46846,130,46829,46863,50802,32400,,一般,,
2026/08/17,TX,202703  ,46844,-,-,46844,0,0.00%,1,-,-,46660,46750,50802,32400,,盤後,,
2026/08/17,TX,202706  ,47700,47700,47700,47700,255,0.54%,1,47436,68,47416,47456,51411,41461,,一般,,
2026/08/17,TX,202706  ,-,-,-,-,-,-,0,-,-,47250,47365,51411,41461,,盤後,,
2026/08/18,TX,202608  ,45967,45977,45070,45085,-782,-1.70%,83392,45088,20738,45081,45085,49470,39442,,一般,,
2026/08/18,TX,202608  ,46000,46297,45747,45811,-56,-0.12%,25712,-,-,45787,45817,49470,39442,,盤後,,
2026/08/18,TX,202609  ,46097,46113,45159,45166,-843,-1.83%,49922,45173,94543,45167,45173,49651,24962,,一般,,
2026/08/18,TX,202609  ,46136,46420,45888,45932,-77,-0.17%,4162,-,-,45924,45959,49651,24962,,盤後,,
2026/08/18,TX,202610  ,46201,46201,45387,45387,-775,-1.68%,51,45332,371,45327,45338,46789,39852,,一般,,
2026/08/18,TX,202610  ,46277,46445,46180,46180,18,0.04%,41,-,-,46037,46116,46789,39852,,盤後,,
2026/08/18,TX,202612  ,46374,46374,45580,45580,-801,-1.73%,11,45580,381,45521,45599,50228,27382,,一般,,
2026/08/18,TX,202612  ,46399,46500,46399,46420,39,0.08%,6,-,-,46242,46347,50228,27382,,盤後,,
2026/08/18,TX,202703  ,46893,46893,46360,46360,-486,-1.04%,4,46065,130,46055,46075,50802,32400,,一般,,
2026/08/18,TX,202703  ,47002,47002,46952,46952,106,0.23%,3,-,-,46707,46837,50802,32400,,盤後,,
2026/08/18,TX,202706  ,47436,-,-,47436,0,0.00%,1,46608,68,46601,46616,51411,41461,,一般,,
2026/08/18,TX,202706  ,-,-,-,-,-,-,0,-,-,47307,47512,51411,41461,,盤後,,
2026/08/19,TX,202608  ,44411,44869,44208,44612,-476,-1.06%,27795,0,11402,44612,44613,49470,39442,,一般,,
2026/08/19,TX,202608  ,45137,45208,44424,44527,-561,-1.24%,28126,-,-,44523,44540,49470,39442,,盤後,,
2026/08/19,TX,202609  ,44330,44876,44300,44528,-645,-1.43%,42374,44500,100399,44525,44530,49651,24962,,一般,,
2026/08/19,TX,202609  ,45200,45286,44517,44626,-547,-1.21%,6479,-,-,44607,44628,49651,24962,,盤後,,
2026/08/19,TX,202610  ,44472,45000,44472,44665,-667,-1.47%,59,44665,387,44666,44679,46789,39852,,一般,,
2026/08/19,TX,202610  ,45345,45345,44683,44776,-556,-1.23%,26,-,-,44746,44789,46789,39852,,盤後,,
2026/08/19,TX,202612  ,45086,45200,44856,44856,-724,-1.59%,11,44856,384,44856,44884,50228,27382,,一般,,
2026/08/19,TX,202612  ,45345,45345,44886,45006,-574,-1.26%,12,-,-,44943,45030,50228,27382,,盤後,,
2026/08/19,TX,202703  ,45401,45700,45350,45350,-715,-1.55%,8,45350,131,45350,45369,50802,32400,,一般,,
2026/08/19,TX,202703  ,45950,45950,45497,45497,-568,-1.23%,4,-,-,45428,45537,50802,32400,,盤後,,
2026/08/19,TX,202706  ,-,-,-,-,-,-,0,45908,68,45891,45926,51411,41461,,一般,,
2026/08/19,TX,202706  ,-,-,-,-,-,-,0,-,-,46018,46088,51411,41461,,盤後,,
2026/08/20,TX,202609  ,44950,45122,44448,44868,368,0.83%,53693,44903,102620,44866,44872,49651,24962,,一般,,
2026/08/20,TX,202609  ,44631,45196,44538,44802,302,0.68%,41519,-,-,44778,44802,49651,24962,,盤後,,
2026/08/20,TX,202610  ,45116,45158,44651,45029,364,0.81%,122,45045,476,45011,45024,46789,39852,,一般,,
2026/08/20,TX,202610  ,44784,45330,44693,44918,253,0.57%,195,-,-,44925,44957,46789,39852,,盤後,,
2026/08/20,TX,202611  ,45110,45180,44800,45150,371,0.83%,11,45150,4,45139,45152,45180,44800,,一般,,
2026/08/20,TX,202612  ,45349,45458,44850,45093,237,0.53%,13,45235,382,45229,45242,50228,27382,,一般,,
2026/08/20,TX,202612  ,44927,45500,44927,45100,244,0.54%,8,-,-,45128,45161,50228,27382,,盤後,,
2026/08/20,TX,202703  ,45800,45838,45442,45442,92,0.20%,6,45664,126,45657,45672,50802,32400,,一般,,
2026/08/20,TX,202703  ,45738,45858,45550,45650,300,0.66%,9,-,-,45573,45622,50802,32400,,盤後,,
2026/08/20,TX,202706  ,46336,46336,46000,46000,92,0.20%,3,46231,71,46221,46241,51411,41461,,一般,,
2026/08/20,TX,202706  ,45977,46202,45957,45957,49,0.11%,3,-,-,46128,46176,51411,41461,,盤後,,
2026/08/21,TX,202609  ,44887,45294,44566,45148,245,0.55%,51446,45138,102342,45136,45149,49651,24962,,一般,,
2026/08/21,TX,202609  ,44982,45000,44261,44804,-99,-0.22%,41595,-,-,44780,44805,49651,24962,,盤後,,
2026/08/21,TX,202610  ,45045,45423,44777,45280,235,0.52%,123,45280,500,45279,45295,46789,39852,,一般,,
2026/08/21,TX,202610  ,45099,45133,44440,44964,-81,-0.18%,215,-,-,44926,44957,46789,39852,,盤後,,
2026/08/21,TX,202611  ,45115,45510,44915,45400,250,0.55%,30,45400,25,45395,45413,45510,44800,,一般,,
2026/08/21,TX,202611  ,45085,45188,44800,45100,-50,-0.11%,38,-,-,45051,45086,45188,44800,,盤後,,
2026/08/21,TX,202612  ,45500,45580,45305,45305,70,0.15%,5,45508,379,45501,45515,50228,27382,,一般,,
2026/08/21,TX,202612  ,44890,45149,44802,45149,-86,-0.19%,4,-,-,45149,45190,50228,27382,,盤後,,
2026/08/21,TX,202703  ,45664,-,-,45664,0,0.00%,2,45920,126,45909,45932,50802,32400,,一般,,
2026/08/21,TX,202703  ,45450,45450,45450,45450,-214,-0.47%,1,-,-,45565,45610,50802,32400,,盤後,,
2026/08/21,TX,202706  ,46373,46587,46314,46368,137,0.30%,5,46481,73,46464,46499,51411,41461,,一般,,
2026/08/21,TX,202706  ,46231,-,-,46231,0,0.00%,2,-,-,46125,46190,51411,41461,,盤後,,
2026/08/24,TX,202609  ,45032,45292,44609,44762,-376,-0.83%,43046,44740,102558,44760,44768,49651,24962,,一般,,
2026/08/24,TX,202609  ,45220,45474,44978,45074,-64,-0.14%,30890,-,-,45061,45076,49651,24962,,盤後,,
2026/08/24,TX,202610  ,45235,45436,44783,44900,-380,-0.84%,184,44894,597,44908,44917,46789,39852,,一般,,
2026/08/24,TX,202610  ,45380,45599,45144,45208,-72,-0.16%,134,-,-,45208,45230,46789,39852,,盤後,,
2026/08/24,TX,202611  ,45380,45498,44987,44987,-413,-0.91%,43,45040,40,45034,45047,45705,44800,,一般,,
2026/08/24,TX,202611  ,45660,45705,45295,45325,-75,-0.17%,17,-,-,45316,45342,45705,44800,,盤後,,
2026/08/24,TX,202612  ,45595,45658,45000,45000,-508,-1.12%,16,45149,383,45141,45158,50228,27382,,一般,,
2026/08/24,TX,202612  ,45740,45740,45400,45400,-108,-0.24%,9,-,-,45427,45461,50228,27382,,盤後,,
2026/08/24,TX,202703  ,-,-,-,-,-,-,0,45543,126,45534,45552,50802,32400,,一般,,
2026/08/24,TX,202703  ,-,-,-,-,-,-,0,-,-,45816,45856,50802,32400,,盤後,,
2026/08/24,TX,202706  ,46486,46489,46486,46489,8,0.02%,3,46138,75,46124,46153,51411,41461,,一般,,
2026/08/24,TX,202706  ,46745,46745,46745,46745,264,0.57%,1,-,-,46376,46431,51411,41461,,盤後,,
2026/08/25,TX,202609  ,44488,45095,44146,45027,287,0.64%,55218,45032,102718,45026,45032,49651,24962,,一般,,
2026/08/25,TX,202609  ,44658,45015,44270,44532,-208,-0.46%,32394,-,-,44531,44542,49651,24962,,盤後,,
2026/08/25,TX,202610  ,44581,45239,44351,45226,332,0.74%,120,45177,617,45172,45182,46789,39852,,一般,,
2026/08/25,TX,202610  ,44836,45136,44444,44671,-223,-0.50%,121,-,-,44680,44697,46789,39852,,盤後,,
2026/08/25,TX,202611  ,44500,45340,44435,45298,258,0.57%,56,45298,40,45296,45309,45705,44435,,一般,,
2026/08/25,TX,202611  ,45000,45178,44570,44750,-290,-0.64%,62,-,-,44806,44827,45705,44570,,盤後,,
2026/08/25,TX,202612  ,44750,45428,44600,45428,279,0.62%,32,45398,399,45392,45405,50228,27382,,一般,,
2026/08/25,TX,202612  ,45153,45220,44712,44900,-249,-0.55%,29,-,-,44907,44922,50228,27382,,盤後,,
2026/08/25,TX,202703  ,45710,45710,45700,45700,157,0.34%,2,45806,126,45794,45818,50802,32400,,一般,,
2026/08/25,TX,202703  ,-,-,-,-,-,-,0,-,-,45296,45337,50802,32400,,盤後,,
2026/08/25,TX,202706  ,-,-,-,-,-,-,0,46392,76,46378,46407,51411,41461,,一般,,
2026/08/25,TX,202706  ,45760,45779,45727,45779,-359,-0.78%,4,-,-,45886,45933,51411,41461,,盤後,,
2026/08/26,TX,202609  ,45285,46027,44865,46011,979,2.17%,57745,46003,106112,46010,46014,49651,24962,,一般,,
2026/08/26,TX,202609  ,45093,45470,45020,45437,405,0.90%,28479,-,-,45428,45439,49651,24962,,盤後,,
2026/08/26,TX,202610  ,45331,46146,45030,46146,969,2.14%,322,46146,695,46152,46160,46789,39852,,一般,,
2026/08/26,TX,202610  ,45239,45600,45231,45586,409,0.91%,120,-,-,45576,45592,46789,39852,,盤後,,
2026/08/26,TX,202611  ,45585,46250,45250,46250,952,2.10%,55,46279,44,46275,46284,46250,44435,,一般,,
2026/08/26,TX,202611  ,45323,45711,45301,45711,413,0.91%,53,-,-,45698,45717,45711,44435,,盤後,,
2026/08/26,TX,202612  ,45450,45958,45400,45958,560,1.23%,11,46381,399,46377,46386,50228,27382,,一般,,
2026/08/26,TX,202612  ,45500,45790,45500,45790,392,0.86%,12,-,-,45796,45824,50228,27382,,盤後,,
2026/08/26,TX,202703  ,45806,-,-,45806,0,0.00%,3,46794,127,46787,46802,50802,32400,,一般,,
2026/08/26,TX,202703  ,-,-,-,-,-,-,0,-,-,46183,46231,50802,32400,,盤後,,
2026/08/26,TX,202706  ,46558,47294,46556,47294,902,1.94%,11,47362,77,47349,47376,51411,41461,,一般,,
2026/08/26,TX,202706  ,-,-,-,-,-,-,0,-,-,46778,46829,51411,41461,,盤後,,
2026/08/27,TX,202609  ,46175,46517,46006,46078,75,0.16%,50701,46064,104881,46077,46088,49651,24962,,一般,,
2026/08/27,TX,202609  ,46002,46142,45766,45993,-10,-0.02%,26057,-,-,45983,45993,49651,24962,,盤後,,
2026/08/27,TX,202610  ,46303,46655,46193,46258,112,0.24%,271,46246,779,46250,46268,46789,39852,,一般,,
2026/08/27,TX,202610  ,46140,46258,45923,46111,-35,-0.08%,131,-,-,46131,46145,46789,39852,,盤後,,
2026/08/27,TX,202611  ,46566,46770,46375,46375,96,0.21%,18,46397,47,46389,46405,46770,44435,,一般,,
2026/08/27,TX,202611  ,46326,46359,46100,46203,-76,-0.16%,11,-,-,46254,46271,46359,44435,,盤後,,
2026/08/27,TX,202612  ,46488,46866,46474,46495,114,0.25%,20,46495,399,46487,46507,50228,27382,,一般,,
2026/08/27,TX,202612  ,46435,46435,46172,46200,-181,-0.39%,16,-,-,46355,46378,50228,27382,,盤後,,
2026/08/27,TX,202703  ,47034,47150,46906,46906,112,0.24%,9,46906,125,46910,46932,50802,32400,,一般,,
2026/08/27,TX,202703  ,46750,46750,46677,46677,-117,-0.25%,2,-,-,46753,46803,50802,32400,,盤後,,
2026/08/27,TX,202706  ,47828,47828,47562,47562,200,0.42%,2,47435,77,47418,47452,51411,41461,,一般,,
2026/08/27,TX,202706  ,-,-,-,-,-,-,0,-,-,47318,47363,51411,41461,,盤後,,
2026/08/28,TX,202609  ,46366,46580,46215,46357,293,0.64%,41611,46357,105613,46357,46363,49651,24962,,一般,,
2026/08/28,TX,202609  ,46132,46549,46036,46388,324,0.70%,29574,-,-,46381,46384,49651,24962,,盤後,,
2026/08/28,TX,202610  ,46552,46735,46401,46502,256,0.55%,474,46502,975,46501,46508,46789,39852,,一般,,
2026/08/28,TX,202610  ,46297,46700,46250,46550,304,0.66%,164,-,-,46549,46562,46789,39852,,盤後,,
2026/08/28,TX,202611  ,46820,46850,46587,46637,240,0.52%,26,46667,42,46650,46684,46850,44435,,一般,,
2026/08/28,TX,202611  ,46443,46789,46443,46600,203,0.44%,36,-,-,46696,46725,46789,44435,,盤後,,
2026/08/28,TX,202612  ,46790,46850,46710,46780,285,0.61%,19,46780,392,46753,46788,50228,27382,,一般,,
2026/08/28,TX,202612  ,46706,46899,46604,46899,404,0.87%,10,-,-,46794,46834,50228,27382,,盤後,,
2026/08/28,TX,202703  ,47353,47398,47100,47196,290,0.62%,9,47196,125,47183,47206,50802,32400,,一般,,
2026/08/28,TX,202703  ,46974,47354,46974,47200,294,0.63%,9,-,-,47206,47259,50802,32400,,盤後,,
2026/08/28,TX,202706  ,47816,47816,47816,47816,381,0.80%,1,47711,77,47696,47727,51411,41461,,一般,,
2026/08/28,TX,202706  ,-,-,-,-,-,-,0,-,-,47734,47789,51411,41461,,盤後,,
2026/08/31,TX,202609  ,45800,46060,45415,45983,-374,-0.81%,53336,45977,104409,45985,45987,49651,24962,,一般,,
2026/08/31,TX,202609  ,46438,46613,45826,45900,-457,-0.99%,35867,-,-,45898,45900,49651,24962,,盤後,,
2026/08/31,TX,202610  ,45987,46200,45588,46116,-386,-0.83%,411,46116,1310,46139,46145,46789,39852,,一般,,
2026/08/31,TX,202610  ,46603,46723,45979,46049,-453,-0.97%,560,-,-,46044,46047,46789,39852,,盤後,,
2026/08/31,TX,202611  ,46046,46228,45750,46225,-442,-0.95%,25,46304,54,46300,46308,46850,44435,,一般,,
2026/08/31,TX,202611  ,46594,46594,46351,46368,-299,-0.64%,9,-,-,46203,46229,46850,44435,,盤後,,
2026/08/31,TX,202612  ,46150,46472,45946,46386,-394,-0.84%,31,46410,406,46405,46416,50228,27382,,一般,,
2026/08/31,TX,202612  ,46878,46901,46300,46325,-455,-0.97%,12,-,-,46310,46336,50228,27382,,盤後,,
2026/08/31,TX,202703  ,46640,46888,46585,46888,-308,-0.65%,3,46850,124,46843,46857,50802,32400,,一般,,
2026/08/31,TX,202703  ,47250,47383,46823,46823,-373,-0.79%,12,-,-,46750,46800,50802,32400,,盤後,,
2026/08/31,TX,202706  ,47144,47244,46847,47244,-467,-0.98%,4,47354,77,47343,47366,51411,41461,,一般,,
2026/08/31,TX,202706  ,47823,47850,47356,47356,-355,-0.74%,7,-,-,47250,47290,51411,41461,,盤後,,
2026/08/03,TX,202608/202609    ,181,181,143,143,-,-,164,-,-,142,145,273,121,,一般,268,
2026/08/03,TX,202608/202609    ,183,186,181,181,-,-,7,-,-,182,187,273,121,,盤後,284,
2026/08/03,TX,202608/202610    ,337,337,337,337,-,-,1,-,-,333,338,572,311,,一般,33,
2026/08/03,TX,202608/202610    ,334,362,334,362,-,-,19,-,-,358,373,572,311,,盤後,23,
2026/08/03,TX,202608/202612    ,640,641,640,641,-,-,3,-,-,629,636,1070,615,,一般,6,
2026/08/03,TX,202608/202612    ,640,640,640,640,-,-,1,-,-,652,677,1070,615,,盤後,12,
2026/08/03,TX,202608/202703    ,-,-,-,-,-,-,0,-,-,1240,1280,1995,1226,,盤後,7,
2026/08/03,TX,202609/202612    ,-,-,-,-,-,-,0,-,-,445,530,861,104,,盤後,1,
2026/08/04,TX,202608/202609    ,152,152,123,126,-,-,320,-,-,122,125,273,121,,一般,324,
2026/08/04,TX,202608/202609    ,143,150,141,148,-,-,11,-,-,150,156,273,121,,盤後,243,
2026/08/04,TX,202608/202610    ,325,325,325,325,-,-,1,-,-,313,319,572,311,,一般,40,
2026/08/04,TX,202608/202610    ,-,-,-,-,-,-,0,-,-,323,334,572,311,,盤後,46,
2026/08/04,TX,202608/202612    ,600,600,579,580,-,-,4,-,-,571,584,1070,579,,一般,22,
2026/08/04,TX,202608/202612    ,-,-,-,-,-,-,0,-,-,610,640,1070,615,,盤後,4,
2026/08/04,TX,202608/202703    ,1220,1220,1142,1142,-,-,5,-,-,1121,1139,1995,1142,,一般,2,
2026/08/04,TX,202608/202703    ,1224,1225,1223,1223,-,-,3,-,-,1200,1235,1995,1223,,盤後,1,
2026/08/04,TX,202608/202706    ,1835,1835,1769,1769,-,-,3,-,-,1727,1755,2736,1769,,一般,3,
2026/08/04,TX,202608/202706    ,1837,1837,1835,1835,-,-,3,-,-,1810,1867,2736,1835,,盤後,5,
2026/08/04,TX,202609/202610    ,-,-,-,-,-,-,0,-,-,-,197,238,236,,一般,2,
2026/08/04,TX,202609/202612    ,-,-,-,-,-,-,0,-,-,450,520,861,104,,盤後,1,
2026/08/04,TX,202703/202706    ,604,618,604,618,-,-,2,-,-,-,619,618,602,,一般,0,
2026/08/04,TX,202703/202706    ,602,604,602,604,-,-,3,-,-,-,608,604,602,,盤後,1,
2026/08/05,TX,202608/202609    ,108,108,90,90,-,-,768,-,-,89,96,273,90,,一般,217,
2026/08/05,TX,202608/202609    ,127,129,117,118,-,-,33,-,-,114,119,273,117,,盤後,238,
2026/08/05,TX,202608/202610    ,-,-,-,-,-,-,0,-,-,257,266,572,311,,一般,44,
2026/08/05,TX,202608/202610    ,311,311,311,311,-,-,1,-,-,241,297,572,311,,盤後,30,
2026/08/05,TX,202608/202612    ,-,-,-,-,-,-,0,-,-,522,532,1070,577,,一般,14,
2026/08/05,TX,202608/202612    ,580,580,577,580,-,-,15,-,-,535,585,1070,577,,盤後,7,
2026/08/05,TX,202608/202703    ,-,-,-,-,-,-,0,-,-,1059,1071,1995,1142,,一般,6,
2026/08/05,TX,202608/202706    ,-,-,-,-,-,-,0,-,-,1666,1731,2736,1769,,一般,6,
2026/08/05,TX,202608/202706    ,-,-,-,-,-,-,0,-,-,1650,1770,2736,1769,,盤後,1,
2026/08/05,TX,202609/202610    ,-,-,-,-,-,-,0,-,-,-,184,238,236,,一般,1,
2026/08/05,TX,202612/202703    ,-,-,-,-,-,-,0,-,-,521,-,843,329,,一般,1,
2026/08/05,TX,202703/202706    ,-,-,-,-,-,-,0,-,-,-,644,618,602,,一般,1,
2026/08/06,TX,202608/202609    ,103,103,36,45,-,-,711,-,-,44,50,273,36,,一般,170,
2026/08/06,TX,202608/202609    ,90,110,88,105,-,-,118,-,-,103,108,273,88,,盤後,272,
2026/08/06,TX,202608/202610    ,240,244,160,160,-,-,19,-,-,153,171,572,160,,一般,22,
2026/08/06,TX,202608/202610    ,-,-,-,-,-,-,0,-,-,251,264,572,311,,盤後,17,
2026/08/06,TX,202608/202612    ,500,500,490,490,-,-,2,-,-,410,418,1070,490,,一般,4,
2026/08/06,TX,202608/202612    ,-,-,-,-,-,-,0,-,-,520,538,1070,577,,盤後,4,
2026/08/06,TX,202608/202703    ,-,-,-,-,-,-,0,-,-,853,980,1995,1142,,一般,3,
2026/08/06,TX,202608/202703    ,-,-,-,-,-,-,0,-,-,1050,1071,1995,1142,,盤後,5,
2026/08/06,TX,202608/202706    ,1601,1601,1601,1601,-,-,1,-,-,1516,1593,2736,1601,,一般,0,
2026/08/06,TX,202608/202706    ,-,-,-,-,-,-,0,-,-,1690,1730,2736,1769,,盤後,2,
2026/08/06,TX,202610/202612    ,259,259,259,259,-,-,2,-,-,223,239,493,259,,一般,3,
2026/08/06,TX,202703/202706    ,-,-,-,-,-,-,0,-,-,-,-,618,602,,盤後,2,
2026/08/07,TX,202608/202609    ,41,116,40,102,-,-,924,-,-,100,104,273,36,,一般,394,
2026/08/07,TX,202608/202609    ,46,58,36,36,-,-,105,-,-,38,47,273,36,,盤後,207,
2026/08/07,TX,202608/202610    ,164,180,164,180,-,-,4,-,-,135,181,572,136,,一般,37,
2026/08/07,TX,202608/202610    ,163,163,136,136,-,-,2,-,-,123,142,572,136,,盤後,34,
2026/08/07,TX,202608/202612    ,-,-,-,-,-,-,0,-,-,189,418,1070,373,,一般,1,
2026/08/07,TX,202608/202612    ,373,373,373,373,-,-,1,-,-,101,386,1070,373,,盤後,0,
2026/08/07,TX,202608/202703    ,916,916,916,916,-,-,1,-,-,501,950,1995,916,,盤後,0,
2026/08/07,TX,202608/202706    ,1536,1536,1536,1536,-,-,1,-,-,1093,1540,2736,1536,,一般,1,
2026/08/07,TX,202608/202706    ,1564,1564,1564,1564,-,-,1,-,-,1102,1543,2736,1564,,盤後,0,
2026/08/07,TX,202609/202610    ,71,71,71,71,-,-,6,-,-,70,-,238,71,,一般,19,
2026/08/07,TX,202609/202610    ,-,-,-,-,-,-,0,-,-,92,-,238,236,,盤後,6,
2026/08/07,TX,202610/202612    ,-,-,-,-,-,-,0,-,-,-,228,493,229,,一般,9,
2026/08/07,TX,202610/202612    ,229,229,229,229,-,-,1,-,-,-,238,493,229,,盤後,0,
2026/08/07,TX,202703/202706    ,638,638,638,638,-,-,1,-,-,-,638,638,602,,盤後,0,
2026/08/10,TX,202608/202609    ,104,120,90,120,-,-,1338,-,-,116,120,273,36,,一般,639,
2026/08/10,TX,202608/202609    ,97,97,73,89,-,-,13,-,-,84,90,273,36,,盤後,305,
2026/08/10,TX,202608/202610    ,169,196,169,196,-,-,14,-,-,218,224,572,136,,一般,12,
2026/08/10,TX,202608/202610    ,-,-,-,-,-,-,0,-,-,156,171,572,136,,盤後,10,
2026/08/10,TX,202608/202612    ,379,392,379,392,-,-,10,-,-,410,417,1070,360,,一般,16,
2026/08/10,TX,202608/202612    ,360,360,360,360,-,-,1,-,-,345,410,1070,360,,盤後,2,
2026/08/10,TX,202608/202703    ,-,-,-,-,-,-,0,-,-,890,901,1995,916,,一般,2,
2026/08/10,TX,202608/202703    ,-,-,-,-,-,-,0,-,-,602,910,1995,916,,盤後,1,
2026/08/10,TX,202608/202706    ,-,-,-,-,-,-,0,-,-,1514,1536,2736,1495,,一般,3,
2026/08/10,TX,202608/202706    ,1495,1495,1495,1495,-,-,1,-,-,1380,1550,2736,1495,,盤後,3,
2026/08/10,TX,202609/202610    ,-,-,-,-,-,-,0,-,-,95,-,238,71,,一般,6,
2026/08/10,TX,202703/202706    ,-,-,-,-,-,-,0,-,-,-,668,638,602,,一般,1,
2026/08/10,TX,202703/202706    ,-,-,-,-,-,-,0,-,-,-,669,638,602,,盤後,1,
2026/08/11,TX,202608/202609    ,135,144,128,133,-,-,1496,-,-,128,133,273,36,,一般,515,
2026/08/11,TX,202608/202609    ,118,141,118,136,-,-,24,-,-,138,143,273,36,,盤後,268,
2026/08/11,TX,202608/202610    ,-,-,-,-,-,-,0,-,-,238,244,572,136,,一般,41,
2026/08/11,TX,202608/202610    ,-,-,-,-,-,-,0,-,-,237,247,572,136,,盤後,19,
2026/08/11,TX,202608/202612    ,449,451,449,451,-,-,3,-,-,443,450,1070,360,,一般,23,
2026/08/11,TX,202608/202612    ,-,-,-,-,-,-,0,-,-,434,450,1070,360,,盤後,11,
2026/08/11,TX,202608/202703    ,-,-,-,-,-,-,0,-,-,935,945,1995,916,,一般,6,
2026/08/11,TX,202608/202703    ,-,-,-,-,-,-,0,-,-,911,956,1995,916,,盤後,4,
2026/08/11,TX,202609/202610    ,-,-,-,-,-,-,0,-,-,97,153,238,71,,盤後,2,
2026/08/11,TX,202609/202612    ,-,-,-,-,-,-,0,-,-,210,370,861,104,,盤後,1,
2026/08/12,TX,202608/202609    ,131,162,116,151,-,-,3525,-,-,149,151,273,36,,一般,994,
2026/08/12,TX,202608/202609    ,-,-,-,-,-,-,0,-,-,132,137,273,36,,盤後,515,
2026/08/12,TX,202608/202610    ,238,238,237,237,-,-,3,-,-,261,265,572,136,,一般,21,
2026/08/12,TX,202608/202610    ,-,-,-,-,-,-,0,-,-,239,256,572,136,,盤後,30,
2026/08/12,TX,202608/202612    ,-,-,-,-,-,-,0,-,-,456,469,1070,360,,一般,9,
2026/08/12,TX,202608/202612    ,441,441,441,441,-,-,1,-,-,430,447,1070,360,,盤後,6,
2026/08/12,TX,202608/202703    ,-,-,-,-,-,-,0,-,-,949,966,1995,916,,一般,6,
2026/08/12,TX,202608/202703    ,959,959,959,959,-,-,1,-,-,930,970,1995,916,,盤後,9,
2026/08/12,TX,202608/202706    ,1535,1548,1535,1548,-,-,3,-,-,1531,1570,2736,1495,,盤後,0,
2026/08/12,TX,202609/202610    ,-,-,-,-,-,-,0,-,-,100,-,238,71,,一般,6,
2026/08/12,TX,202610/202612    ,-,-,-,-,-,-,0,-,-,186,-,493,229,,盤後,1,
2026/08/12,TX,202612/202703    ,-,-,-,-,-,-,0,-,-,501,-,843,329,,一般,1,
2026/08/13,TX,202608/202609    ,145,166,137,160,-,-,4690,-,-,160,162,273,36,,一般,575,
2026/08/13,TX,202608/202609    ,153,174,138,138,-,-,442,-,-,140,147,273,36,,盤後,545,
2026/08/13,TX,202608/202610    ,275,284,275,284,-,-,19,-,-,274,283,572,136,,一般,10,
2026/08/13,TX,202608/202610    ,-,-,-,-,-,-,0,-,-,252,268,572,136,,盤後,14,
2026/08/13,TX,202608/202612    ,473,480,473,480,-,-,7,-,-,476,489,1070,360,,一般,20,
2026/08/13,TX,202608/202612    ,-,-,-,-,-,-,0,-,-,460,475,1070,360,,盤後,7,
2026/08/13,TX,202608/202703    ,-,-,-,-,-,-,0,-,-,950,983,1995,916,,盤後,8,
2026/08/13,TX,202608/202706    ,-,-,-,-,-,-,0,-,-,1571,1590,2736,1495,,一般,2,
2026/08/13,TX,202608/202706    ,-,-,-,-,-,-,0,-,-,1540,1575,2736,1495,,盤後,3,
2026/08/13,TX,202610/202612    ,-,-,-,-,-,-,0,-,-,181,-,493,229,,盤後,2,
2026/08/13,TX,202612/202703    ,-,-,-,-,-,-,0,-,-,-,-,843,329,,盤後,1,
2026/08/14,TX,202608/202609    ,160,170,135,144,-,-,8755,-,-,138,144,273,36,,一般,1275,
2026/08/14,TX,202608/202609    ,160,160,145,148,-,-,28,-,-,156,162,273,36,,盤後,868,
2026/08/14,TX,202608/202610    ,296,299,296,299,-,-,2,-,-,264,281,572,136,,一般,18,
2026/08/14,TX,202608/202610    ,271,271,271,271,-,-,1,-,-,274,278,572,136,,盤後,14,
2026/08/14,TX,202608/202612    ,498,498,498,498,-,-,1,-,-,466,496,1070,360,,一般,11,
2026/08/14,TX,202608/202612    ,-,-,-,-,-,-,0,-,-,470,515,1070,360,,盤後,10,
2026/08/14,TX,202608/202703    ,-,-,-,-,-,-,0,-,-,981,1023,1995,916,,一般,1,
2026/08/14,TX,202608/202703    ,-,-,-,-,-,-,0,-,-,975,1006,1995,916,,盤後,5,
2026/08/14,TX,202608/202706    ,-,-,-,-,-,-,0,-,-,1571,1634,2736,1495,,一般,1,
2026/08/14,TX,202610/202612    ,203,203,201,201,-,-,2,-,-,183,-,493,201,,一般,0,
2026/08/17,TX,202608/202609    ,143,205,85,133,-,-,40082,-,-,132,138,273,36,,一般,4235,
2026/08/17,TX,202608/202609    ,131,142,121,124,-,-,65,-,-,137,143,273,36,,盤後,683,
2026/08/17,TX,202608/202610    ,282,282,279,279,-,-,3,-,-,61,297,572,136,,一般,60,
2026/08/17,TX,202608/202612    ,-,-,-,-,-,-,0,-,-,455,528,1070,360,,一般,2,
2026/08/17,TX,202608/202612    ,-,-,-,-,-,-,0,-,-,445,495,1070,360,,盤後,1,
2026/08/17,TX,202608/202703    ,-,-,-,-,-,-,0,-,-,940,1040,1995,916,,一般,2,
2026/08/17,TX,202609/202610    ,127,137,105,136,-,-,9,-,-,139,141,238,71,,一般,72,
2026/08/17,TX,202609/202610    ,-,-,-,-,-,-,0,-,-,115,-,238,71,,盤後,2,
2026/08/17,TX,202609/202612    ,-,-,-,-,-,-,0,-,-,281,439,861,104,,一般,1,
2026/08/17,TX,202609/202703    ,-,-,-,-,-,-,0,-,-,818,830,-,-,,一般,2,
2026/08/17,TX,202609/202706    ,-,-,-,-,-,-,0,-,-,1400,1423,-,-,,一般,1,
2026/08/17,TX,202612/202703    ,522,522,522,522,-,-,1,-,-,-,-,843,329,,盤後,0,
2026/08/18,TX,202608/202609    ,131,154,85,85,-,-,29296,-,-,86,93,273,36,,一般,11800,
2026/08/18,TX,202608/202609    ,137,140,121,126,-,-,153,-,-,137,142,273,36,,盤後,1693,
2026/08/18,TX,202608/202610    ,236,236,236,236,-,-,1,-,-,17,296,572,136,,一般,17,
2026/08/18,TX,202608/202610    ,-,-,-,-,-,-,0,-,-,250,299,572,136,,盤後,3,
2026/08/18,TX,202608/202612    ,455,455,445,445,-,-,2,-,-,440,514,1070,360,,一般,2,
2026/08/18,TX,202608/202612    ,-,-,-,-,-,-,0,-,-,455,530,1070,360,,盤後,4,
2026/08/18,TX,202608/202703    ,-,-,-,-,-,-,0,-,-,920,1025,1995,916,,一般,2,
2026/08/18,TX,202608/202703    ,-,-,-,-,-,-,0,-,-,920,1020,1995,916,,盤後,1,
2026/08/18,TX,202609/202610    ,136,165,136,163,-,-,4,-,-,161,165,238,71,,一般,36,
2026/08/18,TX,202609/202610    ,-,-,-,-,-,-,0,-,-,135,147,238,71,,盤後,26,
2026/08/18,TX,202609/202612    ,-,-,-,-,-,-,0,-,-,321,469,861,104,,一般,2,
2026/08/18,TX,202609/202703    ,-,-,-,-,-,-,0,-,-,889,902,821,821,,一般,4,
2026/08/18,TX,202609/202703    ,821,821,821,821,-,-,1,-,-,-,-,821,821,,盤後,1,
2026/08/18,TX,202609/202706    ,1427,1427,1427,1427,-,-,1,-,-,1418,1443,1427,1427,,一般,0,
2026/08/18,TX,202610/202612    ,-,-,-,-,-,-,0,-,-,206,-,493,201,,一般,2,
2026/08/18,TX,202610/202612    ,-,-,-,-,-,-,0,-,-,181,-,493,201,,盤後,1,
2026/08/19,TX,202608/202609    ,79,102,-25,58,-,-,3928,-,-,-11,58,273,-25,,一般,6545,
2026/08/19,TX,202608/202609    ,84,96,69,78,-,-,321,-,-,78,88,273,36,,盤後,2554,
2026/08/19,TX,202608/202610    ,-,-,-,-,-,-,0,-,-,100,-,572,136,,一般,7,
2026/08/19,TX,202608/202610    ,-,-,-,-,-,-,0,-,-,50,257,572,136,,盤後,2,
2026/08/19,TX,202608/202612    ,-,-,-,-,-,-,0,-,-,-,-,1070,360,,一般,3,
2026/08/19,TX,202608/202612    ,-,-,-,-,-,-,0,-,-,420,510,1070,360,,盤後,1,
2026/08/19,TX,202608/202703    ,-,-,-,-,-,-,0,-,-,-,-,1995,916,,一般,1,
2026/08/19,TX,202609/202610    ,141,146,139,139,-,-,5,-,-,141,149,238,71,,一般,29,
2026/08/19,TX,202609/202610    ,165,165,163,163,-,-,2,-,-,139,161,238,71,,盤後,22,
2026/08/19,TX,202609/202612    ,343,343,342,342,-,-,2,-,-,331,354,861,104,,一般,5,
2026/08/19,TX,202609/202612    ,-,-,-,-,-,-,0,-,-,335,402,861,104,,盤後,7,
2026/08/19,TX,202609/202703    ,855,855,855,855,-,-,1,-,-,825,839,855,821,,一般,6,
2026/08/19,TX,202609/202703    ,-,-,-,-,-,-,0,-,-,-,909,821,821,,盤後,4,
2026/08/19,TX,202610/202612    ,214,214,214,214,-,-,1,-,-,181,-,493,201,,一般,1,
2026/08/19,TX,202610/202612    ,230,230,230,230,-,-,1,-,-,206,-,493,201,,盤後,2,
2026/08/20,TX,202609/202610    ,150,157,150,150,-,-,20,-,-,145,152,238,71,,一般,82,
2026/08/20,TX,202609/202610    ,142,146,142,146,-,-,16,-,-,147,155,238,71,,盤後,116,
2026/08/20,TX,202609/202611    ,-,-,-,-,-,-,0,-,-,273,280,-,-,,一般,11,
2026/08/20,TX,202609/202612    ,367,367,367,367,-,-,1,-,-,363,370,861,104,,一般,12,
2026/08/20,TX,202609/202612    ,-,-,-,-,-,-,0,-,-,350,359,861,104,,盤後,6,
2026/08/20,TX,202609/202703    ,-,-,-,-,-,-,0,-,-,791,800,855,821,,一般,4,
2026/08/20,TX,202609/202703    ,-,-,-,-,-,-,0,-,-,795,820,855,821,,盤後,8,
2026/08/20,TX,202609/202706    ,-,-,-,-,-,-,0,-,-,1355,1369,1427,1427,,一般,2,
2026/08/20,TX,202609/202706    ,-,-,-,-,-,-,0,-,-,1350,1374,1427,1427,,盤後,3,
2026/08/20,TX,202612/202703    ,-,-,-,-,-,-,0,-,-,421,-,843,329,,一般,2,
2026/08/20,TX,202703/202706    ,-,-,-,-,-,-,0,-,-,-,566,638,602,,一般,1,
2026/08/21,TX,202609/202610    ,153,153,134,140,-,-,12,-,-,143,146,238,71,,一般,83,
2026/08/21,TX,202609/202610    ,151,151,151,151,-,-,1,-,-,146,152,238,71,,盤後,127,
2026/08/21,TX,202609/202611    ,-,-,-,-,-,-,0,-,-,259,264,-,-,,一般,25,
2026/08/21,TX,202609/202611    ,-,-,-,-,-,-,0,-,-,271,281,-,-,,盤後,34,
2026/08/21,TX,202609/202612    ,360,360,360,360,-,-,1,-,-,365,366,861,104,,一般,4,
2026/08/21,TX,202609/202612    ,-,-,-,-,-,-,0,-,-,369,385,861,104,,盤後,4,
2026/08/21,TX,202609/202703    ,789,789,787,787,-,-,2,-,-,773,783,855,787,,一般,0,
2026/08/21,TX,202609/202703    ,-,-,-,-,-,-,0,-,-,785,805,855,821,,盤後,1,
2026/08/21,TX,202609/202706    ,-,-,-,-,-,-,0,-,-,1328,1350,1427,1351,,一般,5,
2026/08/21,TX,202609/202706    ,1352,1352,1351,1351,-,-,2,-,-,1345,1385,1427,1351,,盤後,0,
2026/08/21,TX,202610/202611    ,-,-,-,-,-,-,0,-,-,113,-,-,-,,一般,2,
2026/08/21,TX,202610/202611    ,-,-,-,-,-,-,0,-,-,118,-,-,-,,盤後,1,
2026/08/21,TX,202611/202612    ,-,-,-,-,-,-,0,-,-,-,109,-,-,,盤後,1,
2026/08/24,TX,202609/202610    ,150,151,149,149,-,-,73,-,-,148,149,238,71,,一般,98,
2026/08/24,TX,202609/202610    ,147,149,147,149,-,-,5,-,-,147,154,238,71,,盤後,90,
2026/08/24,TX,202609/202611    ,-,-,-,-,-,-,0,-,-,274,279,-,-,,一般,38,
2026/08/24,TX,202609/202611    ,-,-,-,-,-,-,0,-,-,255,266,-,-,,盤後,13,
2026/08/24,TX,202609/202612    ,371,371,369,369,-,-,4,-,-,381,390,861,104,,一般,12,
2026/08/24,TX,202609/202612    ,-,-,-,-,-,-,0,-,-,366,385,861,104,,盤後,8,
2026/08/24,TX,202609/202706    ,-,-,-,-,-,-,0,-,-,1364,1385,1427,1351,,一般,3,
2026/08/24,TX,202609/202706    ,-,-,-,-,-,-,0,-,-,1315,1355,1427,1351,,盤後,1,
2026/08/24,TX,202610/202611    ,-,-,-,-,-,-,0,-,-,103,-,-,-,,盤後,1,
2026/08/25,TX,202609/202610    ,150,150,150,150,-,-,3,-,-,146,150,238,71,,一般,82,
2026/08/25,TX,202609/202610    ,152,152,152,152,-,-,2,-,-,149,155,238,71,,盤後,84,
2026/08/25,TX,202609/202611    ,-,-,-,-,-,-,0,-,-,270,277,-,-,,一般,51,
2026/08/25,TX,202609/202611    ,-,-,-,-,-,-,0,-,-,275,285,-,-,,盤後,62,
2026/08/25,TX,202609/202612    ,385,385,382,382,-,-,6,-,-,366,373,861,104,,一般,26,
2026/08/25,TX,202609/202612    ,382,382,380,380,-,-,16,-,-,376,380,861,104,,盤後,12,
2026/08/25,TX,202609/202703    ,-,-,-,-,-,-,0,-,-,768,786,855,787,,一般,1,
2026/08/25,TX,202609/202706    ,-,-,-,-,-,-,0,-,-,1355,1391,1427,1351,,盤後,4,
2026/08/25,TX,202610/202612    ,-,-,-,-,-,-,0,-,-,-,-,493,201,,盤後,1,
2026/08/25,TX,202612/202703    ,-,-,-,-,-,-,0,-,-,-,416,843,329,,一般,1,
2026/08/26,TX,202609/202610    ,152,152,143,143,-,-,76,-,-,142,146,238,71,,一般,199,
2026/08/26,TX,202609/202610    ,151,153,149,149,-,-,19,-,-,148,153,238,71,,盤後,66,
2026/08/26,TX,202609/202611    ,-,-,-,-,-,-,0,-,-,265,270,-,-,,一般,44,
2026/08/26,TX,202609/202611    ,-,-,-,-,-,-,0,-,-,270,278,-,-,,盤後,46,
2026/08/26,TX,202609/202612    ,370,370,369,370,-,-,3,-,-,367,372,861,104,,一般,7,
2026/08/26,TX,202609/202612    ,-,-,-,-,-,-,0,-,-,368,385,861,104,,盤後,10,
2026/08/26,TX,202609/202703    ,790,792,790,792,-,-,3,-,-,777,788,855,787,,一般,0,
2026/08/26,TX,202609/202706    ,1348,1348,1347,1347,-,-,2,-,-,1339,1362,1427,1347,,一般,9,
2026/08/26,TX,202610/202611    ,-,-,-,-,-,-,0,-,-,121,-,-,-,,一般,3,
2026/08/26,TX,202610/202611    ,-,-,-,-,-,-,0,-,-,121,-,-,-,,盤後,1,
2026/08/27,TX,202609/202610    ,147,175,147,175,-,-,41,-,-,173,180,238,71,,一般,161,
2026/08/27,TX,202609/202610    ,-,-,-,-,-,-,0,-,-,148,152,238,71,,盤後,83,
2026/08/27,TX,202609/202611    ,305,305,305,305,-,-,1,-,-,312,320,305,305,,一般,15,
2026/08/27,TX,202609/202611    ,-,-,-,-,-,-,0,-,-,271,278,-,-,,盤後,10,
2026/08/27,TX,202609/202612    ,-,-,-,-,-,-,0,-,-,410,419,861,104,,一般,17,
2026/08/27,TX,202609/202612    ,-,-,-,-,-,-,0,-,-,372,385,861,104,,盤後,15,
2026/08/27,TX,202609/202703    ,835,835,835,835,-,-,1,-,-,833,844,855,787,,一般,8,
2026/08/27,TX,202609/202703    ,-,-,-,-,-,-,0,-,-,770,810,855,787,,盤後,2,
2026/08/27,TX,202609/202706    ,-,-,-,-,-,-,0,-,-,1341,1364,1427,1347,,一般,2,
2026/08/27,TX,202610/202611    ,-,-,-,-,-,-,0,-,-,123,-,-,-,,盤後,4,
2026/08/27,TX,202612/202703    ,-,-,-,-,-,-,0,-,-,-,-,843,329,,盤後,1,
2026/08/28,TX,202609/202610    ,170,170,145,145,-,-,283,-,-,144,145,238,71,,一般,144,
2026/08/28,TX,202609/202610    ,185,185,163,163,-,-,21,-,-,168,178,238,71,,盤後,107,
2026/08/28,TX,202609/202611    ,-,-,-,-,-,-,0,-,-,286,321,345,305,,一般,15,
2026/08/28,TX,202609/202611    ,340,345,340,345,-,-,2,-,-,315,341,345,305,,盤後,21,
2026/08/28,TX,202609/202612    ,-,-,-,-,-,-,0,-,-,396,429,861,104,,一般,17,
2026/08/28,TX,202609/202612    ,-,-,-,-,-,-,0,-,-,413,450,861,104,,盤後,9,
2026/08/28,TX,202609/202703    ,-,-,-,-,-,-,0,-,-,826,843,855,787,,一般,7,
2026/08/28,TX,202609/202703    ,-,-,-,-,-,-,0,-,-,825,875,855,787,,盤後,9,
2026/08/28,TX,202609/202706    ,-,-,-,-,-,-,0,-,-,1339,1364,1427,1347,,一般,1,
2026/08/28,TX,202610/202611    ,-,-,-,-,-,-,0,-,-,140,-,-,-,,一般,1,
2026/08/28,TX,202610/202611    ,-,-,-,-,-,-,0,-,-,141,-,-,-,,盤後,1,
2026/08/28,TX,202611/202612    ,-,-,-,-,-,-,0,-,-,91,-,-,-,,盤後,1,
2026/08/31,TX,202609/202610    ,149,157,148,155,-,-,192,-,-,154,158,238,71,,一般,188,
2026/08/31,TX,202609/202610    ,150,157,146,146,-,-,245,-,-,146,147,238,71,,盤後,231,
2026/08/31,TX,202609/202611    ,-,-,-,-,-,-,0,-,-,315,321,345,305,,一般,20,
2026/08/31,TX,202609/202611    ,-,-,-,-,-,-,0,-,-,305,329,345,305,,盤後,7,
2026/08/31,TX,202609/202612    ,434,434,427,427,-,-,4,-,-,420,429,861,104,,一般,27,
2026/08/31,TX,202609/202612    ,-,-,-,-,-,-,0,-,-,412,436,861,104,,盤後,12,
2026/08/31,TX,202609/202703    ,-,-,-,-,-,-,0,-,-,858,870,855,787,,一般,3,
2026/08/31,TX,202609/202703    ,-,-,-,-,-,-,0,-,-,840,900,855,787,,盤後,11,
2026/08/31,TX,202609/202706    ,-,-,-,-,-,-,0,-,-,1358,1379,1427,1347,,一般,4,
2026/08/31,TX,202609/202706    ,-,-,-,-,-,-,0,-,-,1352,1390,1427,1347,,盤後,6,
2026/08/31,TX,202610/202611    ,-,-,-,-,-,-,0,-,-,142,167,-,-,,盤後,2,
